,P,Exp P,Log P,Log Exp P
8,0.2114486,0.1111111111111111,0.675,0.954
2,0.2246728,0.2222222222222222,0.648,0.653
6,0.2290681,0.3333333333333333,0.64,0.477
7,0.4319632,0.4444444444444444,0.365,0.352
4,0.5613451,0.5555555555555556,0.251,0.255
1,0.6350216,0.6666666666666666,0.197,0.176
3,0.7125985,0.7777777777777778,0.147,0.109
5,0.7864198,0.8888888888888888,0.104,0.051
0,0.8454436,1.0,0.073,-0.0
